{"cameraMode":{"drawMode":0,"name":"Shaded","section":"Shading Mode"},"sceneLighting":false,"audioPlay":false,"sceneViewState":{"m_AlwaysRefresh":false,"showFog":true,"showSkybox":false,"showFlares":true,"showImageEffects":true,"showParticleSystems":true,"showVisualEffectGraphs":true,"m_FxEnabled":true},"in2DMode":false,"pivot":{"x":3.5952930450439455,"y":-26.85479164123535,"z":23.839908599853517},"rotation":{"x":-0.4381239414215088,"y":0.031538501381874087,"z":-0.015383473597466946,"w":-0.8982316255569458},"size":43.640159606933597,"orthographic":false}