{"cameraMode":{"drawMode":0,"name":"Shaded","section":"Shading Mode"},"sceneLighting":true,"audioPlay":false,"sceneViewState":{"m_AlwaysRefresh":false,"showFog":true,"showSkybox":true,"showFlares":true,"showImageEffects":true,"showParticleSystems":true,"showVisualEffectGraphs":true,"m_FxEnabled":true},"in2DMode":false,"pivot":{"x":0.7542017102241516,"y":-1.3093470335006714,"z":1.8004611730575562},"rotation":{"x":-0.4381239414215088,"y":0.031538501381874087,"z":-0.015383473597466946,"w":-0.8982316255569458},"size":5.23483419418335,"orthographic":false}